-- phpMyAdmin SQL Dump
-- version 4.9.0.1
-- https://www.phpmyadmin.net/
--
-- Хост: 127.0.0.1:3306
-- Время создания: Янв 21 2020 г., 16:04
-- Версия сервера: 5.7.25
-- Версия PHP: 5.6.40

SET SQL_MODE = "NO_AUTO_VALUE_ON_ZERO";
SET AUTOCOMMIT = 0;
START TRANSACTION;
SET time_zone = "+00:00";


/*!40101 SET @OLD_CHARACTER_SET_CLIENT=@@CHARACTER_SET_CLIENT */;
/*!40101 SET @OLD_CHARACTER_SET_RESULTS=@@CHARACTER_SET_RESULTS */;
/*!40101 SET @OLD_COLLATION_CONNECTION=@@COLLATION_CONNECTION */;
/*!40101 SET NAMES utf8mb4 */;

--
-- База данных: `pmo`
--

-- --------------------------------------------------------

--
-- Структура таблицы `brand`
--

CREATE TABLE `brand` (
  `id_brand` int(11) NOT NULL,
  `img` varchar(255) DEFAULT NULL,
  `Country` varchar(255) NOT NULL,
  `nazv` varchar(255) NOT NULL
) ENGINE=InnoDB DEFAULT CHARSET=utf8;

--
-- Дамп данных таблицы `brand`
--

INSERT INTO `brand` (`id_brand`, `img`, `Country`, `nazv`) VALUES
(1, 'mizon.jpg', 'Южная Корея', 'MIZON'),
(2, 'prreti.jpg', 'Южная Корея', 'PRRETI'),
(3, 'lebelage.jpg', 'Южная Корея', 'LEBELAGE'),
(4, 'kuan-im.jpg', 'Таиланд', 'KUAN IM'),
(5, 'seantree.jpg', 'Южная Корея', 'SEANTREE'),
(6, 'abhaiphubejhr.jpg', 'Таиланд', 'ABHAIPHUBEJHR'),
(7, 'apieu.jpg', 'Южная Корея', 'A`PIEU'),
(8, 'elizavecca.jpg', 'Южная Корея', 'ELIZAVECCA'),
(9, 'hello-beauty.jpg', 'Южная Корея', 'HELLO BEAUTY ');

-- --------------------------------------------------------

--
-- Дублирующая структура для представления `product`
-- (См. Ниже фактическое представление)
--
CREATE TABLE `product` (
`product_id` int(11)
,`title` varchar(255)
,`price` double
,`mini_description` text
,`image` varchar(255)
,`description` text
,`datetime` date
,`new` int(11)
,`leader` int(11)
,`sale` int(11)
,`visible` int(11)
,`count` int(11)
,`nazv` varchar(255)
,`Country` varchar(255)
,`img` varchar(255)
,`type` varchar(20)
);

-- --------------------------------------------------------

--
-- Структура таблицы `products`
--

CREATE TABLE `products` (
  `product_id` int(11) NOT NULL,
  `title` varchar(255) NOT NULL,
  `price` double NOT NULL,
  `id_brand` int(11) NOT NULL,
  `mini_description` text NOT NULL,
  `image` varchar(255) DEFAULT NULL,
  `description` text NOT NULL,
  `datetime` date DEFAULT NULL,
  `new` int(11) DEFAULT '0',
  `leader` int(11) DEFAULT '0',
  `sale` int(11) DEFAULT '0',
  `visible` int(11) DEFAULT '0',
  `count` int(11) DEFAULT '0',
  `id_type` int(11) NOT NULL
) ENGINE=InnoDB DEFAULT CHARSET=utf8;

--
-- Дамп данных таблицы `products`
--

INSERT INTO `products` (`product_id`, `title`, `price`, `id_brand`, `mini_description`, `image`, `description`, `datetime`, `new`, `leader`, `sale`, `visible`, `count`, `id_type`) VALUES
(1, 'Крем для лица Mizon In One Snail Repair Cream с муцином улитки 35 мл', 12, 1, 'Крем интенсивно питает и успокаивает, смягчает и делает более гладкой кожу. Помогает справиться с акне и следами постакне, устраняет шелушения и уменьшает покраснения, повышает эластичность кожи, способствует разглаживанию морщин, выравнивает тон кожи и улучшает цвет лица.', '1.jpg', '\r\n													<p>Так называемые улиточные кремы уже давно пользуются популярностью у современных женщин. Объясняется это довольно просто, ведь они обладают комплексным действием и позволяют избавиться от многих проблем сразу. Однако крайне важно выбрать по-настоящему эффективный натуральный крем, который будет обладать целебными свойствами и не нанесёт вашей коже никакого вреда. Всем перечисленным качествам полностью соответствует In One Snail Repair Cream от всемирно известного корейского бренда Mizon. Этот крем — настоящий хит продаж, и именно он способен полностью преобразить вашу кожу уже через месяц регулярного использования.</p>\r\n\r\n<p><big><strong>Состав</strong></big></p>\r\n\r\n<p>92 % состава In One Snail Repair Cream — это натуральный муцин улитки. Также в списке ингредиентов можно увидеть гиалуроновую кислоту, аденозин, бета-глюкан, пептиды меди. Производители позаботились и о том, чтобы дополнить формулу растительными экстрактами:<br>\r\n•&nbsp;&nbsp; &nbsp;зелёного чая;<br>\r\n•&nbsp;&nbsp; &nbsp;портулака;<br>\r\n•&nbsp;&nbsp; &nbsp;малины;<br>\r\n•&nbsp;&nbsp; &nbsp;коры берёзы;<br>\r\n•&nbsp;&nbsp; &nbsp;арники;<br>\r\n•&nbsp;&nbsp; &nbsp;полыни горькой;<br>\r\n•&nbsp;&nbsp; &nbsp;горечавки.</p>\r\n\r\n<p><big><strong>Свойства</strong></big></p>\r\n\r\n<p>Благодаря богатому составу, восстанавливающий улиточный крем Мизон обладает многими полезными свойствами. Прежде всего он используется как увлажняющее средство. Крем не просто насыщает ткани влагой, но также разглаживает морщины и предотвращает появление других возрастных изменений.<br>\r\nВажное свойство крема — это способность регенерировать кожные покровы. Именно поэтому Mizon In One Snail Repair Cream рекомендован тем, кто имеет шрамы, постакне, разного рода высыпания. При этом он нормализует кожный баланс, нейтрализует чрезмерное выделение кожного сала, устраняет проблему расширенных пор. Крем также отлично справляется с тусклым цветом лица и пигментными пятнами. Он обладает осветляющим и укрепляющим эффектом, поэтому после его применения кожа выглядит более ровной и приобретает здоровый цвет.</p>\r\n\r\n<p><big><strong>Способ применения</strong></big></p>\r\n\r\n<p>Улиточный крем от Mizon считается универсальным ухаживающим средством. Это значит, что его могут использовать женщины с разным типом кожи. Кроме того, крем можно применять как утром так и вечером. Он не скатывается на лице, поэтому прекрасно подходит в качестве основы при нанесении любого тонального средства.<br>\r\nMizon In One Snail Repair Cream наносится на кожу после использования тоника. Несмотря на то что крем довольно густой, он отлично впитывается, не утяжеляет кожные покровы и не оставляет после себя жирного блеска. Первый результат от применения средства можно увидеть уже через 1-2 недели регулярного использования. Но если вы желаете получить стойкий и заметный эффект, наносите этот крем ежедневно на протяжении двух месяцев.</p>\r\n\r\n											', '2019-12-21', 0, 0, 0, 1, 0, 1),
(2, 'Крем для лица PRRETI МОЛОКО туба Pure white milk cream 50гр', 19, 2, 'Интенсивный отбеливающий крем с молочными протеинами подходит для кожи любого типа, помогает справиться с тусклостью лица, устранить пигментацию различного происхождения.', '2.jpg', '<p>На основе молочных протеинов, экстрактов персика и белых цветов эффективно увлажняет сухую кожу, устраняет ощущение стянутости после умывания. Обладает осветляющим действием, выравнивает цвет кожи лица и борется с пигментацией. Не вызывает раздражения, подходит для чувствительной кожи</p>\r\n\r\n<p><strong>Способ применения: </strong>Нанести небольшое количество крема на очищенную кожу.</p>\r\n\r\n<p><strong>Состав</strong>: Water, Glycerin, Dimethicone, Methylpropanediol, Niacinamide, Titanium Dioxide, Sodium Hyaluronate, Trehalose, Butylene Glycol Dicaprylate/Dicaprate, Cetyl Ethylhexanoate, Allantoin, Milk Protein Extract, Paeonia Lactiflora Root Extract, Convallaria Majalis Extract, Magnolia Liliflora Flower Extract, Ipomoea Purpurea Extract, Lilium Candidum Flower Extract, Prunus Persica (Peach) Fruit Extract, Acrylates/C10-30 Alkyl Acrylate Crosspolymer, Adenosine, Aluminum Hydroxide, Triethoxycaprylylsilane, Sodium Acrylate/Sodium Acryloyldimethyl Taurate Copolymer, Isohexadecane, Polysorbate 80, Carbomer, Tromethamine, Disodium EDTA, Caprylyl glycol, Ethylhexylglycerin, Tropolone, Chlorphenesin, Phenoxyethanol, Fragrance.</p>\r\n												', '2019-12-21', 0, 0, 0, 1, 0, 1),
(3, 'Ампульный крем для лица LEBELAGE с муцином чёрной улитки 70мл\r\n', 26, 3, 'Ampule Cream Black Snail - Ампульный крем с муцином чёрной улитки, оказывает увлажняющее, смягчающее и разглаживающее действие, Lebelage крем способствует восстановлению поврежденных участков кожи и обеспечивает надежную защиту.', '3.jpg', '<p>Крем-сыворотка или ампульный крем&nbsp;Ampule Cream Black Snail &ndash; средство сочетает высокую концентрацию активных компонентов (как в сыворотках) и способность &laquo;запечатывать&raquo; эти компоненты, а также обеспечивать коже защиту от внешних воздействий (как у кремов).</p>\r\n\r\n<p>Ампульный крем с муцином черной улитки &ndash; это высокоинтенсивное питательное средство, оказывает увлажняющее, смягчающее, разглаживающее действие, способствует восстановлению поврежденных участков кожи, а также обеспечивает надежную защиту от негативных внешних факторов.</p>\r\n\r\n<p><strong>Муцин улитки</strong>&nbsp;содержит массу полезных для кожи компонентов, которые стимулирует регенерацию клеток, обладают способностью стимулировать синтез коллагена, эластина и гиалуроновой кислоты, а также связывать свободные радикалы &ndash; там самым предупреждает преждевременное старение кожи. Также муцин улитки оказывает противовоспалительное и заживляющее действие, обладает кератолическими свойствами и ускоряет отшелушивание омертвевших клеток.</p>\r\n\r\n<p>Регулярное применение крема с муцином улитки приводит к постепенному оздоровлению и омолаживанию кожи, помогает справиться с акне и пост-акне, уменьшает интенсивность пигментных пятен, делает кожу более упругой и эластичной.</p>\r\n\r\n<p>Также в составе крема&nbsp;<strong>экстракт центеллы азиатской</strong>, который обладает удивительными свойствами и влияет на кожу сразу по нескольким направлениям: оказывает противовоспалительное, ранозаживляющее действие, укрепляет стенки сосудов. Экстракт центеллы стимулирует синтез коллагена, благодаря чему происходит омолаживание кожи, она становится более упругой и эластичной, уменьшается глубина морщин.</p>\r\n\r\n<p><strong>Способ применения:&nbsp;</strong>Завершающим этапом ухода за кожей нанести крем и распределять легкими похлопывающими движениями до полного впитывания. Использовать утром и/или вечером.</p>\r\n\r\n<p><strong>Объём:</strong>&nbsp;70 мл.</p>', '2019-12-21', 0, 0, 0, 1, 0, 1),
(4, 'Отбеливающий жемчужный крем KUAN IM для лица 5 гр', 6, 4, 'Жемчужный крем с отбеливающим эффектом Kuan Im Pearl Cream – популярное в Таиланде и очень доступное средство по уходу за проблемной кожей лица.', '4.jpg', '<p><strong>Основные действия:</strong></p>\r\n\r\n<ul>\r\n	<li>предотвращает появление прыщей</li>\r\n	<li>способствует быстрому заживлению прыщиков</li>\r\n	<li>увлажняет, питает кожу лица</li>\r\n	<li>обладает отбеливающим и матирующим кожу эффектами</li>\r\n</ul>\r\n\r\n<p>Жемчужный крем осветляет пигментные пятна, устраняет веснушки и делает практически незаметными следы от прыщей и выравнивает цвет кожи и защищает от ультрафиолетовых лучей. Производитель отмечает, что крем Kuan Im Pearl Cream &ndash; это &laquo;крем для жемчужной прозрачности кожи лица&raquo;.</p>\r\n\r\n<p>Жемчужный крем Kuan Im имеет плотную, упругую консистенцию, похожую на корректор, очень экономичен в использовании.</p>\r\n\r\n<p><strong>Способ применения:&nbsp;</strong>Наносить небольшое количество крема на чистую кожу на проблемный участок дважды в день &ndash; утром и вечером. Крем можно использовать как основу под макияж</p>', '2019-12-21', 0, 0, 0, 1, 0, 1),
(5, 'Крем для лица SEANTREE осветляющий Quick Brightening Cream 35 гр', 19, 5, 'Осветляющий крем для лица с козьим молоком SeaNtree Quick Brightening Cream прекрасно увлажняет кожу, устраняет нежелательную пигментацию, осветляет тон и придаёт лицу красивое естественное сияние.  Экстракт козьего молока питает кожу, повышает местный иммунитет, укрепляет кожу. ', '5.jpg', '<p>Запоминающийся дизайн средства, роскошная текстура, натуральный состав &ndash; крем&nbsp;<strong>SEANTREE Quick Brightening Cream Moisture</strong>&nbsp;придется по душе всем, кто любит что-то необычное, яркое, эксклюзивное.</p>\r\n\r\n<p>Крем для сияния кожи с козьим молоком питает кожу, придавая ей мягкость и бархатистость, освежает и осветляет тон лица, придавая коже красивое естественное сияние, устраняет пигментацию.&nbsp;</p>\r\n\r\n<p>Содержит протеины козьего молока, молочные протеины, мандарина, розы и т.д.&nbsp;</p>\r\n\r\n<p><strong>Экстракт козьего молока</strong>&nbsp;питает кожу, повышает местный иммунитет, укрепляет кожу.&nbsp;</p>\r\n\r\n<p><strong>Экстракт мандарина</strong>&nbsp;увлажняет, сужает поры, регулирует работу сальных желез, мягко осветляет.&nbsp;</p>\r\n\r\n<p><strong>Масло розы</strong>&nbsp;омолаживает, тонизирует, повышает упругость и эластичность кожи.&nbsp;</p>\r\n\r\n<p>Крем обладает нежной текстурой, легко распределяется по коже и мгновенно ее осветляет, оставляя красивый финиш.</p>\r\n\r\n<p>Крем выпускается в&nbsp;<strong>трех вариантах дизайна баночки</strong>.</p>\r\n\r\n<p><strong>Способ применения:</strong>&nbsp;нанесите необходимое количество крема на очищенную кожу лица лёгкими похлопывающими движениями подушечек пальцев до полного впитывания.</p>\r\n\r\n<p>35 гр</p>', '2019-12-21', 0, 0, 0, 1, 0, 1),
(6, 'Гель на травах от акне ABHAIPHUBEJHR Herbal acne gel 15 гр', 15, 6, 'Крем-гель от акне с мангостином Abhaibhubejhr борется с бактериями, которые благоприятствуют образованию акне. Биологические компоненты геля, растительные экстракты, ментол препятствуют увеличению сальности, обладают антибактериальным действием и снижают воспаление. Кроме того, данный препарат эффективен также при угрях.', '6.jpg', '<p>Крем-гель от акне с мангостином Abhaibhubejhr борется с бактериями, которые благоприятствуют образованию акне. Биологические компоненты геля, растительные экстракты, ментол препятствуют увеличению сальности, обладают антибактериальным действием и снижают воспаление. Кроме того, данный препарат эффективен также при угрях.<br />\r\nВходящий в состав экстракт тропического фрукта мангостина &mdash; сильнейшего антиоксиданта, глубоко очистит и сузит поры кожи, избавит от прыщей, сохранит долгий детокс &mdash; эффект. Мангостин содержит дубильные вещества, танин, и галловую кислоту, а в кожуре содержатся микробиологические агенты, обладающие антиоксидантной активностью. Гель не имеет побочных эффектов, выравнивает цвет лица, устраняет пятна, делает кожу мягкой и чистой, при этом подтянутой и молодой. Убирает прыщики за короткое время, не образует пленки. Применение: наносить тонким слоем на проблемные места (прыщики) точечными движениями. Использовать 2 раза в день. Можно наносить под макияж.</p>', '2019-12-21', 0, 0, 0, 1, 0, 1),
(7, 'Крем APIEU с кальцием CICATIVE CALCIUM CREAM 55 мл\r\n', 28, 7, 'Крем для лица с кальцием A\'Pieu Calcium Cream из линии Cicative быстро и надолго насыщает кожу необходимой влагой, аминокислотами, витаминами, минералами, возвращая ей ощущение комфорта и свежести. ', '7.jpg', '<p><strong>Увлажняющий крем с кальцием</strong></p>\r\n\r\n<p>Увлажняющий крем поможет насытить влагой даже очень сухую кожу, благодаря минеральной воде и компонентам кальция. Крем незаменим для ухода за кожей с шелушениями, эффективно увлажняет, смягчает и успокаивает ее, защищает от обветривания в осенне-зимний период.</p>\r\n\r\n<p><strong>Минеральная вода</strong>&nbsp;в составе крема насыщает кожу необходимыми для поддержания красоты, здоровья и молодости компонентами, увлажняет, освежает и тонизирует.</p>\r\n\r\n<p><strong>Компоненты кальция</strong>&nbsp;оказывают выраженное увлажняющее, восстанавливающее и противовоспалительное действие, помогают справиться с шелушениями, очищают кожу от омертвевших клеток.</p>\r\n\r\n<p>Также в составе крема&nbsp;<strong>ниацинамид</strong>, который способствует осветлению пигментации;&nbsp;<strong>масла какао и ши</strong>, обеспечивающие глубокое питание и увлажнение кожи;&nbsp;<strong>бетаин и сквалан</strong>, помогающие сохранить влагу;&nbsp;<strong>пантенол</strong>, восстанавливающий поврежденные участки кожи;&nbsp;<strong>экстракт хлопка</strong>, смягчающий и успокаивающий раздражения.</p>\r\n\r\n<p><strong>Способ применени</strong>я: Нанести на очищенную кожу лица.</p>\r\n\r\n<p>Объём: 55 мл<br />\r\n<br />\r\n<strong>Состав:</strong> &nbsp;Water, Dipropylene Glycol, Cetyl Ethylhexanoate, Propanediol, Pentylene Glycol, Glycerin, Butylene Glycol, Niacinamide, Theobroma Cacao (Cocoa) Seed Butter, Behenyl Alcohol, 1,2-Hexanediol, Butyrospermum Parkii (Shea) Butter, Cetearyl Alcohol, Squalane, Ammonium Acryloyldimethyltaurate/VP Copolymer, Arachidyl Alcohol, Betaine, Dimethicone, Hydrogenated Vegetable Oil, Tri-C14-15 Alkyl Citrate, Dipentaerythrityl Hexahydroxystearate/Hexastearate/Hexarosinate, Hydroxyacetophenone, Panthenol, Sodium Polyacrylate Starch, Cetearyl Olivate, Sorbitan Olivate, Arachidyl Glucoside, Acrylates/C10-30 Alkyl Acrylate Crosspolymer, Calcium Chloride, Tromethamine, Xanthan Gum, Dipotassium Glycyrrhizate, Adenosine, Ceramide NP, Dextrin, Theobroma Cacao (Cocoa) Extract, Gossypium Herbaceum (Cotton) Extract, Gluconolactone, Sodium Benzoate, Calcium Gluconate</p>', '2019-12-21', 0, 0, 0, 1, 0, 1),
(8, 'Ночная увлажняющая маска для лица APIEU Good Night Water Sleeping Mask 105 мл', 28, 7, 'Маска для лица которая обеспечит интенсивное восстановление и глубокое увлажнение кожи во время сна. Ее активные компоненты укрепляют кожный каркас, разглаживают морщины, заметно омолаживают и обеспечивают антиоксидантный эффект.', '8.jpg', '<p><strong>Ключевые ингредиенты:</strong><br />\r\n<br />\r\n<strong>Березовый сок</strong>&nbsp; содержит много ценных минералов и аминокислот, насыщает клетки влагой, прекрасно освежает, бережно осветляет пигментацию и отлично выравнивает тон.&nbsp;<br />\r\n<br />\r\n<strong>Экстракт ромашки</strong>&nbsp;эффективно борется с воспалениями, ускоряет обмен веществ, снабжает клетки кислородом, нормализует кровоснабжение, оберегает от негативного влияния ультрафиолета.&nbsp;<br />\r\n<br />\r\nЭкстракт <strong>лаванды&nbsp; </strong>мягко очищает кожу, обеспечивает ее полноценное питание и глубокое увлажнение, дарит свежесть, стимулирует синтез собственных церамидов и успокаивает раздражения.<br />\r\n&nbsp;<br />\r\n<strong>Коллаген&nbsp;</strong>разглаживает появившиеся морщины, поддерживает упругость, препятствует деформации и обвисанию кожи, задерживает влагу в клетках и устраняет кожные заломы, вызванные сухостью.<br />\r\n<br />\r\nМаска имеет большой объем, легкую гелевую текстуру и приятный ненавязчивый цветочный аромат.<br />\r\n<br />\r\n<strong>Способ применения:&nbsp;</strong>Нанести маску на очищенную кожу лица за 20-30 минут до сна, утром смыть теплой водой.<br />\r\n<br />\r\nОбъем 105 мл</p>', '2019-12-23', 0, 0, 0, 1, 0, 2),
(9, 'Маска для лица Elizavecca Carbonated Bubble Clay Mask ПУЗЫРЬКОВАЯ очищающая с глиной 100 мл', 37, 8, 'Глубоко очищающая маска для любого типа кожи, особенно рекомендуется для пористой, комбинированной, жирной. Глиняно-пузырьковая текстура маски обеспечивает не только очищение, но и легкий массажный эффект. ', '9.jpg', '<p>Пузырьковая маска для лица&nbsp;<strong>Milky Piggy Carbonated Bubble Clay Mask от Elizavecca&nbsp;</strong>&nbsp;при нанесении на кожу превращается в мягкую пену с множеством мельчайших пузырьков, которые лопаются и мягко массируют кожу, а также вычищают из пор всевозможные загрязнения, излишки кожного сала, удаляют следы косметики.</p>\r\n\r\n<p>Термальная вода - не дает коже пересыхать.</p>\r\n\r\n<p>Экстракт зеленого чая - защищает от свободных радикалов, обладает дезинфицирующим и ранозаживляющим свойствами.</p>\r\n\r\n<p>Глина и угольный порошок действует как сорбент для кожного сала, грязи и остатков косметики, а также активно борется с черными точками и сужает поры.&nbsp;<br />\r\nМаска способствует клеточному дыханию кожи и улучшает циркуляцию крови.</p>\r\n\r\n<p>Подходит для ухода за комбинированной, жирной и проблемной кожей, а также кожей с расширенными порами.</p>\r\n\r\n<p><strong>Применение:&nbsp;</strong>Нанесите маску на лицо ровным слоем, оставьте на 5 минут. Маска очень быстро начинает шипеть и &quot;расти&quot; в объеме. В связи с этим не наносите сразу много маски на лицо. &quot;Размыльте&quot; образовавшуюся пену на лице мягкими массажными движениями. Смойте маску теплой водой.</p>\r\n\r\n<p><strong>Объем:</strong>&nbsp;100 мл.</p>', '2020-01-14', 1, 0, 0, 1, 0, 2),
(10, 'Утренняя сыворотка Центелла азиатская и гуарана пробуждают кожу HELLO BEAUTY 10 мл', 8, 9, 'Экстракт центеллый азиатской (Centella Asiatica) - натуральный компонент, который моментально пробуждает кожу и улучшает ее внешний вид, Тон кожи становиться более ярким и сияющим, лицо выглядит более отдохнувшим и свежим.', '10.jpg', 'Экстракт гуараны (Paulinia Cupana) - натуральный компонент, обладающий мощным энергезирующим м тонизирующим действиями. Уменьшает отечность и борется с признаками усталости. Сделано по рецептуре и под контролем Hello Beauty Asia, Южная Корея. Основа сыворотки на 99.1% состоит из натуральных и эко-сертифицированных компонентов. Не содержит красителей, отдушек, парабенов, SLS, силиконов, минеральных масел. Инструкция по применению: наносить на очищенную кожу перед применением дальнейшего ухода или нанесением макияжа. Подходит для лица и области вокруг глаз.', '2020-01-14', 1, 0, 0, 1, 0, 3),
(11, 'Сыворотка для лица Elizavecca Hell-Pore Control 97% гиалуроновая кислота 50 мл', 29, 8, 'Сыворотка с 97% гиалуроновой кислоты является эффективным средством для обновления кожи, улучшения ее микрорельефа, решения проблемы расширенных пор, неоднородного микрорельефа, тусклого цвета лица, сеточки поверхностных морщин.', '11.jpg', '<p>Гиалуроновая кислота стала спасением для женщин с проблемной кожей. Она восстанавливает покровы, улучшает цвет и кровообращение, придает гладкость и упругость на клеточном уровне. Сыворотка заменяет дорогостоящие косметические процедуры всего парой капель в день.</p>\r\n\r\n<p><strong>Сыворотка для лица Elizavecca Hell-Pore Control 97% с гиалуроновой кислотой.</strong></p>\r\n\r\n<p>Одна из самых лучших разработок компании Elizavecca. Благодаря хорошему составу и доступной цене средство быстро обрело популярность и признание слабого пола. Сыворотка содержит 97% гиалуроновой кислотф, благодаря чему:</p>\r\n\r\n<ul>\r\n	<li>обновляется кожа даже в глубоких слоях;</li>\r\n	<li>улучшается внешний вид кожных покровов;</li>\r\n	<li>расширенные поры возвращаются в нормальное состояние;</li>\r\n	<li>сглаживаются неровности и следы от акне;</li>\r\n	<li>возвращается здоровый цвет лица;</li>\r\n	<li>разглаживаются мелкие кожные заломы;</li>\r\n	<li>заживляются микротрещинки и повреждения.</li>\r\n</ul>\r\n\r\n<p>Для полноценного восстановления и омолаживания достаточно использовать средство ежедневно в небольших количествах.&nbsp; Сыворотка легко распределяется, быстро впитывается и оказывает действие в течение всего дня.</p>\r\n\r\n<p><strong>Состав Елизавека Hell-Pore Control </strong></p>\r\n\r\n<p>Помимо главенствующей гиалуроновой кислоты, в состав Hell-Pore Control входит ряд полезных компонентов.</p>\r\n\r\n<p><strong>Ниацинамид </strong>(он же витамин В3). Мощный компонент, ударно действующий на кожные покровы.</p>\r\n\r\n<p>Основное действие:</p>\r\n\r\n<ul>\r\n	<li>увеличение синтеза керамидов;</li>\r\n	<li>насыщение жирными кислотами;</li>\r\n	<li>стимуляция образования коллагена;</li>\r\n	<li>блокировка влагопотери в течение дня;</li>\r\n	<li>успокаивает покраснения и отшелушивания;</li>\r\n	<li>защита от влияния окружающей среды - ультрафиолета и радикалов;</li>\r\n	<li>осветление возрастных пигментных пятен;</li>\r\n	<li>устранение гиперпигментации.</li>\r\n</ul>\r\n\r\n<p>В сочетании с гиалуроновой кислотой и остальными компонентами, ниацинамид атакует проблемную кожу и восстанавливает ее быстрее лазерных процедур.</p>\r\n\r\n<p><strong>Аденозин</strong>. Средство-открытие. Один из самых действенных стимуляторов образования коллагена, признанный мировыми учеными. Своей работой аденозин заменяет действие ряда компонентов:</p>\r\n\r\n<ul>\r\n	<li>замедляет старение на клеточном уровне;</li>\r\n	<li>восстанавливает эпидермис посредством стимуляции выработки эластина;</li>\r\n	<li>убирает возрастные изменения - заломы, морщины;</li>\r\n	<li>выравнивает покров;</li>\r\n	<li>препятствует окислению клеток.</li>\r\n</ul>\r\n\r\n<p>Компонент не подвержен изменениям под влиянием ультрафиолета или смены температур, поэтому широко применяется в косметологии.</p>\r\n\r\n<p><strong>Касторовое масло</strong>.</p>\r\n\r\n<p>Масло клещевины - незаменимый помощник для дам бальзаковского возраста. Это активное средство для восстановления молодости и прежней упругости. Оно применимо и для зоны вокруг глаз, и для покровов в целом, и для разных типов кожи.</p>\r\n\r\n<p>Поскольку касторовое масло как самостоятельный элемент сложно воспринимается организмом, его соединяют с другими жидкостями и маслами. В соединении сыворотки Hell-Pore Control клещевина отдает свои полезные свойства максимально.</p>\r\n\r\n<p><strong>Применение</strong><strong> </strong><strong>сыворотки</strong><strong> Elizavecca Hell-Pore Control.</strong></p>\r\n\r\n<p>Чтобы спасительное средство оказало желаемый эффект, нужно предварительно подготовить кожу:</p>\r\n\r\n<ul>\r\n	<li>Очищение. Необходимо снять верхний жировой и грязевой слой, скопившийся за день. В этом помогут гидрофильное масло и пенка для умывания.</li>\r\n	<li>Тонизирование. Восстанавливаем PH баланс кожи после водопроводной воды с помощью тонеров/тоников.</li>\r\n	<li>Питание. Нанести сыворотку в небольшом количестве (1-2 капли), распределить ее по всей поверхности. Массирующими движениями помочь впитыванию.</li>\r\n	<li>Не забываем нанести крем, чтобы средство не испарилось с поверхности кожи.</li>\r\n	<li>Сыворотку можно и даже нужно наносить под альгинатные маски. Благодаря предварительному влиянию они смогут оказать максимальный эффект и насытить кожу.</li>\r\n</ul>\r\n\r\n<p>Сыворотка Hell-Pore Control заслуженно занимает лидирующее место среди конкурентов. Правильно соединенные компоненты ухаживают и восстанавливают, а гиалуроновая кислота возвращает молодость любому типу кожи.</p>\r\n\r\n<p><strong>Объем: </strong>50 мл</p>', '2020-01-14', 1, 0, 0, 1, 0, 3),
(18, 'Гидрогелевые патчи для век Elizavecca ЗОЛОТО/ГИАЛУРОН Milky Piggy Hell-Pore 60шт', 35, 8, 'Золотистые полумесяцы для антивозрастного и профилактического ухода за нежной кожей под глазами. ', '4-1872.jpg', '<p>Увлажняющие гидрогелевые патчи&nbsp;<strong>Elizavecca Milky Piggy Hell Pore Gold Hyaluronic Acid Eye Patch&nbsp;</strong>с гиалуроновой кислотой и золотом.&nbsp;</p>\r\n\r\n<p>Патчи являются многофункциональными и работают в нескольких направлениях:</p>\r\n\r\n<p>- обладают омолаживающим действием, разглаживают мелкие морщинки и уменьшают их глубину;&nbsp;<br />\r\n- увлажняют и повышают защитный барьер, что особенно важно для тонкой кожи под глазами;&nbsp;<br />\r\n- устраняют темные круги и припухлости, делают взгляд более &quot;свежим&quot;;<br />\r\n- ускоряют синтез собственного коллагена и эластина, повышают упругость кожи;<br />\r\n<br />\r\nПатчи рекомендуется использовать на тех зонах, которые больше всего подвержены раннему старению - область под глазами, зона неподвижного века, межбровная морщина и носогубные складки.&nbsp;</p>\r\n\r\n<p>Особая формула гидрогеля, который используется при изготовлении патчей, способствует глубокому проникновению полезных компонентов в кожу и улучшает их усвоение. Патчи обильно пропитаны эссенцией&nbsp;и, при соприкосновении с кожей, плотно к ней прилегают и фиксируются, позволяя заниматься своими делами во время их применения.<br />\r\n<br />\r\n<strong>Основные действующие компоненты:</strong><br />\r\n<br />\r\n<strong>Гиалуроновая кислота -</strong>&nbsp;устраняет сухость и наполняет кожу влагой. Молекулы гиалуроновой кислоты проникают в глубокие слои эпидермиса и способствуют удержанию влаги в коже, делая её упругой и эластичной.<br />\r\n<br />\r\n<strong>24К золото -</strong>&nbsp;способствует улучшению микроциркуляции крови, таким образом стимулируя клеточное деление. Обладает бактерицидными свойствами, а также омолаживающим, увлажняющим и регенерирующим действием. Усиливает эффективность других компонентов.<br />\r\n&nbsp;</p>\r\n\r\n<p><strong>Способ применения:&nbsp;</strong>Извлеките патчи при помощи лопаточки. После умывания&nbsp;наложите патчи на необходимые участки кожи. Подождите 20-30 минут и снимите патчи. Оставшуюся эссенцию не смывайте, распределите по лицу при помощи легких похлопываний и дайте впитаться</p>\r\n\r\n', '2020-01-19', 1, 1, 0, 1, 0, 4),
(22, 'Новый товар', 33, 2, 'Дпчапвяапач', '1-2257.jpg', '<p><strong>внкчвкычасгев<em>аннвчаганеча</em></strong>чнаспгаспомрлп</p>\r\n', '2020-01-21', 1, 0, 0, 1, 0, 1);

-- --------------------------------------------------------

--
-- Структура таблицы `reg_admin`
--

CREATE TABLE `reg_admin` (
  `id` int(11) NOT NULL,
  `login` varchar(255) NOT NULL,
  `pass` varchar(255) NOT NULL,
  `fio` text NOT NULL,
  `role` varchar(255) NOT NULL,
  `email` varchar(50) NOT NULL,
  `phone` varchar(50) NOT NULL,
  `add_tovar` int(11) NOT NULL DEFAULT '0',
  `edit_tovar` int(11) NOT NULL DEFAULT '0',
  `delete_tovar` int(11) NOT NULL DEFAULT '0',
  `accept_reviews` int(11) NOT NULL DEFAULT '0',
  `delete_reviews` int(11) NOT NULL DEFAULT '0',
  `view_admin` int(11) NOT NULL DEFAULT '0'
) ENGINE=InnoDB DEFAULT CHARSET=utf8;

--
-- Дамп данных таблицы `reg_admin`
--

INSERT INTO `reg_admin` (`id`, `login`, `pass`, `fio`, `role`, `email`, `phone`, `add_tovar`, `edit_tovar`, `delete_tovar`, `accept_reviews`, `delete_reviews`, `view_admin`) VALUES
(2, 'admin', '4884', 'Квон Джи Ин', 'Администратор', 'test@mail.ru', '5678453', 1, 1, 1, 1, 1, 1),
(4, 'new', '8448', 'Kan Yeson', 'Соадмин', 'random@.com', '444884448844', 1, 1, 1, 1, 1, 0),
(6, 'soso', '4334', 'Kim An Jin', 'Помощник соадмина', 'gtyrjhdfgrtt@.com', '344545675676', 1, 1, 1, 0, 0, 0),
(7, 'tiao', '4444', 'Che Ha On', 'Помощник соадмина', 'idunnowht@gmai.com', '456566786768', 0, 0, 0, 1, 1, 0),
(8, 'kaesoori', '6666', 'Do Gil Hon', 'Помощник соадмина', 'kaesoori@.com', '456566786768', 1, 1, 1, 1, 1, 1);

-- --------------------------------------------------------

--
-- Структура таблицы `table_reviews`
--

CREATE TABLE `table_reviews` (
  `reviews_id` int(11) NOT NULL,
  `product_id` int(11) NOT NULL,
  `name` varchar(100) NOT NULL,
  `good_reviews` text NOT NULL,
  `bad_reviews` text NOT NULL,
  `comment` text NOT NULL,
  `data` date NOT NULL DEFAULT '2020-01-11',
  `moderat` int(11) NOT NULL DEFAULT '0'
) ENGINE=InnoDB DEFAULT CHARSET=utf8;

--
-- Дамп данных таблицы `table_reviews`
--

INSERT INTO `table_reviews` (`reviews_id`, `product_id`, `name`, `good_reviews`, `bad_reviews`, `comment`, `data`, `moderat`) VALUES
(1, 1, 'Анастасия', 'Очень хорошее качество!', 'Не сказала бы, что таковые есть..', 'Я покупала крем для лица с муцином улитки, когда у меня сильно шелушилась кожа лица и была очень стянутой. Мне нужно было средство, которое бы питало мою кожу, и я его нашла. Средство замечательное, хорошо смягчает и питает кожу лица, плюс оно борется с акне, с легкой фомой так вообще на ура справляется. Уходят также покраснения , я его наношу после чистки лица. Я рекомендую ! ', '2020-01-11', 1),
(44, 8, 'Алиса', 'Супер!!!!', 'Даже не искала XD', 'Купила впервые данный крем и не прогадала) Несмотря на небольшой размер, крем очень экономный, нужно совсем немного, хорошо впитывается и не оставляет жирного блеска, а ещё кожа лица стала заметно лучше, после использования( стало меньше прищиков и выровнялся цвет). Рекомендую))) ', '2020-01-14', 1),
(45, 7, 'Лика', 'Идеальный', 'Вообще нет', 'То что я искала! Раньше кожа была нормальная, никаких проблем не было. А после зимы кожа стала такая сухая, что никакие маски не помогали, а частые походы к косметологу дороговато. Поэтому этот крем стал моим спасителем. Я наношу его на ночь, а на утро кожа мягкая и гладкая. Крем действительно хорошо увлажняет, эффект заметен практически после первого нанесения.', '2020-01-14', 1),
(46, 7, 'бЭнджамин', 'Впервые так понравилось что-то из косметики', 'Не заметил', 'Ох уж эти корейцы))). Все сделают для красоты и удобства женщин. Спасибо им за эту маску-огонь! Все готово к применению. Намазался, выждал полчаса и в постель. У маски очень легкая текстура, поэтому можно не бояться, что на наволочке останутся жирные пятна – этого не произойдет. Я засыпаю, а с утра наслаждаюсь эффектом – в зеркале меня ждет свежее, увлажненное личико без раздражений и красных пятен – ровный тон! ', '2020-01-14', 1),
(47, 8, 'Poor Yorick', 'Качество на высоте', 'Пожалуй то, что баночка маленькая (нет)', 'Ох уж эти корейцы))). Все сделают для красоты и удобства женщин. Спасибо им за эту маску-огонь! Все готово к применению. Намазался, выждал полчаса и в постель. У маски очень легкая текстура, поэтому можно не бояться, что на наволочке останутся жирные пятна – этого не произойдет. Я засыпаю, а с утра наслаждаюсь эффектом – в зеркале меня ждет свежее, увлажненное личико без раздражений и красных пятен – ровный тон! ', '2020-01-14', 1),
(48, 9, 'Светлана', 'Идеально просто!!!!', 'Вообще не нашла', 'Пузырькова маска для лица Сarbonate Bubble Clay Mask от бренда Elizavecca - это настоящее спасение для кожи. Уже после нескольких использований лицо приобрело более ровный тон и здоровый вид, поры заметно очистились и сузились. Цена продукта полностью соответствует качеству. Уверена, что данную маску куплю еще раз!', '2020-01-14', 1),
(49, 9, 'Татьяна', 'Достоинства, как говорится, просто на лицо все!!', 'Честно пыталась найти хоть один.....\nно: нет вообще.\nДаже стоимость не завышенная, а, наоборот, заслуженная!!', 'Маска очищает отлично и прикольно пузырится, дочка в восторге, когда я ее делаю, но выбеливает лицо и для тех кто любит смуглость надо быть аккуратнее, а то тело будет смуглым, а лицо белым)', '2020-01-14', 1),
(50, 10, 'Дарья', 'Определённо хорошее средство', 'Возможно, малый объём...\nХотя: кому как на самом деле', 'Впечатлил состав и основа сыворотки. Очень необычно. Очень понравилось и на запах - очень приятная.', '2020-01-14', 1),
(51, 9, 'Галина', 'Отбеливающий эффект.', 'Иногда бывают неприятные ощущения от пузырьков.', 'В целом мне понравилось.', '2020-01-14', 1),
(54, 1, 'Вика', 'Достоинства', 'НЕдостатки', 'нет', '2020-01-21', 0);

-- --------------------------------------------------------

--
-- Структура таблицы `type_product`
--

CREATE TABLE `type_product` (
  `id_type` int(11) NOT NULL,
  `type` varchar(20) NOT NULL
) ENGINE=InnoDB DEFAULT CHARSET=utf8;

--
-- Дамп данных таблицы `type_product`
--

INSERT INTO `type_product` (`id_type`, `type`) VALUES
(1, 'Крема для лица'),
(2, 'Маски для лица'),
(3, 'Сыворотки для лица'),
(4, 'Патчи для глаз');

-- --------------------------------------------------------

--
-- Структура для представления `product`
--
DROP TABLE IF EXISTS `product`;

CREATE ALGORITHM=UNDEFINED DEFINER=`root`@`%` SQL SECURITY DEFINER VIEW `product`  AS  select `products`.`product_id` AS `product_id`,`products`.`title` AS `title`,`products`.`price` AS `price`,`products`.`mini_description` AS `mini_description`,`products`.`image` AS `image`,`products`.`description` AS `description`,`products`.`datetime` AS `datetime`,`products`.`new` AS `new`,`products`.`leader` AS `leader`,`products`.`sale` AS `sale`,`products`.`visible` AS `visible`,`products`.`count` AS `count`,`brand`.`nazv` AS `nazv`,`brand`.`Country` AS `Country`,`brand`.`img` AS `img`,`type_product`.`type` AS `type` from ((`products` join `brand` on((`products`.`id_brand` = `brand`.`id_brand`))) join `type_product` on((`products`.`id_type` = `type_product`.`id_type`))) order by `products`.`product_id` ;

--
-- Индексы сохранённых таблиц
--

--
-- Индексы таблицы `brand`
--
ALTER TABLE `brand`
  ADD PRIMARY KEY (`id_brand`);

--
-- Индексы таблицы `products`
--
ALTER TABLE `products`
  ADD PRIMARY KEY (`product_id`),
  ADD KEY `id_type` (`id_type`),
  ADD KEY `id_brand` (`id_brand`);

--
-- Индексы таблицы `reg_admin`
--
ALTER TABLE `reg_admin`
  ADD PRIMARY KEY (`id`);

--
-- Индексы таблицы `table_reviews`
--
ALTER TABLE `table_reviews`
  ADD PRIMARY KEY (`reviews_id`),
  ADD KEY `product_id` (`product_id`);

--
-- Индексы таблицы `type_product`
--
ALTER TABLE `type_product`
  ADD PRIMARY KEY (`id_type`);

--
-- AUTO_INCREMENT для сохранённых таблиц
--

--
-- AUTO_INCREMENT для таблицы `brand`
--
ALTER TABLE `brand`
  MODIFY `id_brand` int(11) NOT NULL AUTO_INCREMENT, AUTO_INCREMENT=10;

--
-- AUTO_INCREMENT для таблицы `products`
--
ALTER TABLE `products`
  MODIFY `product_id` int(11) NOT NULL AUTO_INCREMENT, AUTO_INCREMENT=23;

--
-- AUTO_INCREMENT для таблицы `reg_admin`
--
ALTER TABLE `reg_admin`
  MODIFY `id` int(11) NOT NULL AUTO_INCREMENT, AUTO_INCREMENT=9;

--
-- AUTO_INCREMENT для таблицы `table_reviews`
--
ALTER TABLE `table_reviews`
  MODIFY `reviews_id` int(11) NOT NULL AUTO_INCREMENT, AUTO_INCREMENT=55;

--
-- AUTO_INCREMENT для таблицы `type_product`
--
ALTER TABLE `type_product`
  MODIFY `id_type` int(11) NOT NULL AUTO_INCREMENT, AUTO_INCREMENT=5;

--
-- Ограничения внешнего ключа сохраненных таблиц
--

--
-- Ограничения внешнего ключа таблицы `products`
--
ALTER TABLE `products`
  ADD CONSTRAINT `products_ibfk_1` FOREIGN KEY (`id_brand`) REFERENCES `brand` (`id_brand`) ON DELETE CASCADE ON UPDATE CASCADE,
  ADD CONSTRAINT `products_ibfk_2` FOREIGN KEY (`id_type`) REFERENCES `type_product` (`id_type`) ON DELETE CASCADE ON UPDATE CASCADE;

--
-- Ограничения внешнего ключа таблицы `table_reviews`
--
ALTER TABLE `table_reviews`
  ADD CONSTRAINT `table_reviews_ibfk_1` FOREIGN KEY (`product_id`) REFERENCES `products` (`product_id`) ON DELETE CASCADE ON UPDATE CASCADE;
COMMIT;

/*!40101 SET CHARACTER_SET_CLIENT=@OLD_CHARACTER_SET_CLIENT */;
/*!40101 SET CHARACTER_SET_RESULTS=@OLD_CHARACTER_SET_RESULTS */;
/*!40101 SET COLLATION_CONNECTION=@OLD_COLLATION_CONNECTION */;
